train_acc,train_loss,val_acc,val_loss
0.009600000000000001,4.609349,0.0104,4.607242
0.009326315789473684,4.6068563,0.0092,4.606588
0.009747368421052631,4.606221,0.0084,4.606326
0.009621052631578947,4.6059957,0.0076,4.6067405
0.009873684210526314,4.605887,0.0076,4.6068482
0.009136842105263157,4.605854,0.008,4.6074386
0.009494736842105262,4.605796,0.007200000000000001,4.606487
