train_acc,train_loss,val_acc,val_loss
0.009600000000000001,4.609349,0.0104,4.6072426
0.009326315789473684,4.6068563,0.0092,4.6065884
